pread_time, seek_and_read_time, file_path
7.075130, 9.739406, test.txt
6.863840, 9.449290, test.txt
6.805716, 9.363658, test.txt
6.851841, 9.422497, test.txt
6.844825, 9.417688, test.txt
